{"cameraMode":{"drawMode":0,"name":"Shaded","section":"Shading Mode"},"sceneLighting":true,"audioPlay":false,"sceneViewState":{"showFog":true,"showMaterialUpdate":false,"showSkybox":true,"showFlares":true,"showImageEffects":true,"showParticleSystems":true},"in2DMode":false,"pivot":{"x":181.83233642578126,"y":126.19366455078125,"z":578.4080810546875},"rotation":{"x":-0.010340753011405468,"y":0.1734067052602768,"z":0.0018207889515906573,"w":0.9847981929779053},"size":28.641942977905275,"orthographic":false}